-12.430775;
-10.486711;
-8.767771;
-9.172795;
-7.968309;
-11.355451;
-12.332566;
-12.947913;
-4.9617867;
-11.467766;
-5.922218;
-13.641511;
-9.325349;
-7.38888;
-8.438947;
-14.606227;
-8.920395;
-16.876574;
-11.68315;
-12.405753;
-12.889821;
-12.670622;
-12.191788;
-12.703547;
-12.198195;
-7.8610272;
-8.807767;
-8.622861;
-10.180105;
-6.5117292;
-13.071027;
-13.885968;
-6.153136;
-5.2753177;
-13.502329;
-9.201473;
-2.6767287;
-8.812597;
-8.560557;
-9.309367;
-8.624148;
-11.645816;
-6.899141;
-9.669839;
-5.1385527;
-7.989366;
-7.959309;
-2.8358417;
-12.438409;
-8.536906;
-12.213406;
-6.221576;
-2.2104063;
-4.6265535;
-3.8414812;
-0.4646377;
-5.445412;
-4.9594235;
-4.194126;
-3.1822758;
-17.317137;
-7.970427;
7.1010885;
-2.2024806;
-7.199586;
-8.64163;
-11.939798;
-13.016287;
-7.1845455;
-11.6211;
-3.2956338;
-6.7424245;
-8.648461;
-4.292839;
-15.561336;
-6.9415846;
-12.034908;
-0.99007416;
-16.178322;
-17.247381;
-15.82274;
-18.042465;
-13.446079;
-16.40457;
-20.233294;
-16.580984;
-10.965763;
-16.551924;
-10.088541;
-17.53295;
-13.502866;
-15.044087;
-15.781191;
-22.73659;
-15.905469;
-22.706573;
-17.300283;
-20.072954;
-18.774706;
-18.390324;
-19.601685;
-19.512123;
-17.656458;
-13.037598;
-18.34681;
-12.368079;
-17.645739;
-10.654985;
-20.3768;
-16.59786;
-14.636081;
-14.173143;
-23.048113;
-19.302368;
-10.922077;
-17.056026;
-17.531048;
-13.222002;
-18.187428;
-14.974783;
-17.365314;
-16.723429;
-11.785716;
-13.519217;
-14.974946;
-10.727565;
-15.981956;
-16.2984;
-15.499446;
-5.734111;
-7.218855;
-6.7755337;
-6.39404;
-2.1823955;
-9.165772;
-10.064966;
-5.832548;
-1.3835354;
-22.554913;
-12.860692;
0.17195702;
-9.515354;
-11.141424;
-7.1067896;
-16.608059;
-20.294529;
-7.360918;
-14.673795;
-6.5617228;
-10.511112;
-12.094723;
-9.759793;
-19.67266;
-10.677569;
-17.605204;
8.198595;
-17.419405;
-18.4968;
-16.559227;
-22.139883;
-12.030859;
-17.428488;
-21.585867;
-18.067503;
-12.062542;
-18.605145;
-10.247479;
-17.838985;
-14.606344;
-18.118696;
-19.46317;
-24.54422;
-18.805864;
-22.369217;
-16.256626;
-23.210878;
-20.393715;
-20.928965;
-21.209896;
-17.783638;
-18.992825;
-16.680101;
-23.651978;
-13.59492;
-21.834274;
-11.252257;
-22.486292;
-17.567303;
-18.09742;
-13.982642;
-26.41888;
-23.974499;
-14.66298;
-20.033203;
-21.390871;
-13.629325;
-21.496822;
-15.539287;
-21.361506;
-18.3034;
-14.299875;
-16.930445;
-19.865158;
-12.199759;
-17.420853;
-18.711094;
-17.387417;
-6.891122;
-10.851353;
-8.685381;
-10.387029;
-3.8118353;
-9.011028;
-10.930131;
-9.096384;
1.2147328;
-22.788794;
-14.139453;
-3.6564424;
-12.554453;
-11.600151;
-8.539337;
-18.688284;
-23.166176;
-8.233014;
-15.002735;
-6.846769;
-10.722466;
-11.727831;
-9.491447;
-19.837893;
-12.413472;
-19.201202;
11.710156;
-18.981445;
-17.959192;
-14.103237;
-22.527693;
-9.284258;
-17.943542;
-19.747223;
-17.359024;
-11.959506;
-17.218647;
-9.82639;
-16.432186;
-13.021997;
-18.63375;
-21.645416;
-24.323313;
-21.42003;
-19.752913;
-16.939222;
-23.1439;
-22.467989;
-20.70192;
-20.224104;
-14.286659;
-18.798021;
-17.399023;
-26.627197;
-16.741716;
-24.432156;
-13.266717;
-22.653706;
-18.785036;
-18.909418;
-12.613249;
-26.849642;
-26.962444;
-18.454538;
-20.109928;
-21.216145;
-14.327165;
-24.132586;
-13.74011;
-24.051916;
-18.687572;
-15.710395;
-16.61298;
-23.524122;
-11.4241;
-17.306166;
-19.439957;
-16.980925;
-4.1809845;
-14.161308;
-9.636177;
-12.752571;
-3.7972736;
-10.642281;
-9.21949;
-12.862423;
5.9358835;
-19.531036;
-15.244182;
-8.130659;
-10.859205;
-8.73403;
-6.076422;
-17.0885;
-20.88688;
-7.7157307;
-11.04954;
-7.7500715;
-6.948203;
-9.527315;
-10.11208;
-16.419233;
-11.052455;
-17.017391;
8.285185;
-13.657644;
-13.175523;
-9.201263;
-17.36294;
-7.202047;
-13.53198;
-14.977402;
-13.0169735;
-8.90708;
-13.257295;
-7.7303567;
-12.241218;
-8.801371;
-13.459748;
-15.682651;
-18.312317;
-17.200653;
-13.518177;
-12.852396;
-16.529215;
-16.364834;
-13.767095;
-14.249594;
-8.355985;
-13.8239;
-12.626503;
-20.562092;
-13.374288;
-18.511549;
-7.8325562;
-14.9465885;
-13.958263;
-13.721109;
-7.7729325;
-21.188782;
-21.594627;
-14.0182495;
-14.447419;
-14.814266;
-11.322178;
-19.078625;
-10.108793;
-18.138363;
-13.543776;
-10.540165;
-12.770211;
-18.353035;
-6.6591787;
-13.069601;
-14.274682;
-12.888643;
-1.7696928;
-12.61611;
-8.304981;
-9.279579;
-0.33242607;
-8.000374;
-5.336831;
-10.460064;
8.379689;
-15.483521;
-13.620271;
-6.4522886;
-7.0358386;
-6.2335176;
-3.4700432;
-13.684447;
-13.871131;
-6.867548;
-7.1379404;
-4.407136;
-4.094203;
-6.587903;
-7.34292;
-8.376798;
-9.858229;
-11.241896;
2.2469661;
-14.512787;
-15.527698;
-8.909752;
-16.07838;
-11.341288;
-15.2718315;
-14.6864605;
-15.759341;
-8.089458;
-13.160874;
-7.450602;
-16.023102;
-10.410021;
-13.324916;
-14.862316;
-16.801245;
-17.202671;
-13.899435;
-14.645917;
-17.44947;
-18.082235;
-14.078761;
-13.257758;
-11.010975;
-16.78661;
-11.038818;
-16.58815;
-13.014345;
-15.798922;
-7.4617114;
-13.973487;
-14.333244;
-11.783557;
-7.2157707;
-18.175985;
-19.362694;
-14.0686455;
-11.943798;
-14.125351;
-12.442277;
-16.794256;
-14.143679;
-16.053438;
-10.098931;
-9.7026005;
-14.516224;
-19.271614;
-7.7302814;
-15.487366;
-16.196753;
-16.427101;
-5.039222;
-10.533003;
-8.529501;
-9.052097;
-1.9763098;
-7.355742;
-7.2860746;
-10.818375;
5.7902265;
-17.71326;
-11.914972;
-6.4596086;
-9.253613;
-7.193782;
-4.699835;
-15.05262;
-17.51244;
-7.171407;
-5.255634;
-3.7832518;
-4.695471;
-6.3963695;
-7.664388;
-7.2962613;
-13.411312;
-12.583506;
1.0243163;
-17.678677;
-19.229172;
-12.736446;
-16.214687;
-14.911468;
-18.517334;
-19.062634;
-17.634102;
-9.46409;
-11.919731;
-9.681998;
-18.40858;
-15.785458;
-19.177341;
-17.762865;
-17.722021;
-19.969864;
-17.354164;
-18.75253;
-20.85366;
-20.980967;
-15.6277275;
-15.945789;
-16.534924;
-20.419388;
-13.06596;
-16.940786;
-15.087806;
-18.15185;
-11.61644;
-13.379517;
-16.208302;
-11.325094;
-11.892658;
-17.516874;
-21.177383;
-18.67755;
-12.20248;
-16.179714;
-16.680386;
-16.362669;
-16.863153;
-17.976084;
-9.914701;
-10.366889;
-19.67433;
-24.697533;
-11.669008;
-17.543142;
-18.507385;
-18.01622;
-6.866112;
-9.636815;
-8.184835;
-9.763531;
-4.445911;
-6.8778453;
-8.711491;
-11.281345;
1.2326361;
-20.400595;
-10.644936;
-8.490585;
-9.0213585;
-7.8458185;
-8.046213;
-14.781702;
-19.033585;
-7.398658;
-3.169444;
-0.99302924;
-7.3903804;
-7.2771688;
-9.746246;
-9.843127;
-14.253211;
-14.766137;
2.4623406;
-12.922803;
-13.708769;
-12.130278;
-9.872983;
-15.536797;
-12.605149;
-15.622396;
-12.281784;
-7.35893;
-9.747243;
-8.243386;
-12.5389385;
-13.66215;
-15.085553;
-11.6827545;
-13.747905;
-12.575167;
-15.884754;
-15.481888;
-16.803526;
-17.094994;
-11.4460125;
-12.266531;
-13.501206;
-14.766881;
-7.0077705;
-13.518317;
-12.794595;
-14.914531;
-11.230432;
-9.17878;
-13.698476;
-2.9462743;
-10.070251;
-14.483513;
-13.855695;
-13.355669;
-6.2769346;
-9.230139;
-13.773557;
-11.118704;
-11.221825;
-11.389661;
-9.134455;
-7.0697417;
-14.533356;
-18.868793;
-5.4081984;
-11.865581;
-14.308119;
-12.351223;
-5.8989177;
-4.624134;
-6.192145;
-7.5685797;
-4.9254484;
-5.0571;
-6.7215886;
-7.0986285;
-4.496818;
-20.259586;
-4.9480276;
-5.598791;
-3.3831394;
-3.545155;
-9.692322;
-11.957821;
-13.609778;
-4.7039833;
-2.0551317;
3.742941;
-8.685866;
-4.182488;
-6.8510227;
-6.6801233;
-12.836664;
-12.112763;
-0.4034462;
-11.101013;
-12.15326;
-10.025343;
-8.852641;
-17.47342;
-11.567775;
-12.372143;
-10.338139;
-7.728678;
-8.653909;
-8.524282;
-10.989805;
-13.598147;
-15.0635195;
-9.142331;
-11.769212;
-9.881259;
-13.731005;
-14.477694;
-14.306095;
-15.066486;
-10.123195;
-10.821616;
-12.747404;
-11.140802;
-4.6562324;
-12.295895;
-12.253456;
-10.999783;
-9.555386;
-9.547447;
-10.598442;
-0.24902964;
-9.18672;
-14.741659;
-10.742797;
-12.504878;
-6.6576133;
-5.3958173;
-11.675895;
-10.99898;
-10.93027;
-9.793859;
-7.781912;
-6.113491;
-11.177357;
-15.446406;
-1.5231285;
-10.44769;
-12.2020645;
-11.8559475;
-4.6581516;
-2.1264446;
-8.272722;
-6.001342;
-2.4481773;
-5.4657645;
-6.84306;
-4.125198;
-6.794303;
-17.675777;
-2.0218394;
-5.886242;
-3.3432353;
-4.9447107;
-7.271063;
-13.353511;
-10.247249;
-6.6216273;
-0.5553031;
5.037928;
-8.60039;
-7.480785;
-6.4962454;
-7.1776695;
-11.9925785;
-8.050236;
1.7077692;
-14.799711;
-17.250181;
-10.409807;
-13.102664;
-20.045322;
-15.320511;
-15.6221485;
-14.882401;
-8.610064;
-13.384506;
-11.632542;
-16.19923;
-16.602398;
-17.220976;
-13.187384;
-13.963072;
-13.68475;
-16.032206;
-18.605576;
-15.914002;
-16.94231;
-13.425812;
-15.013489;
-16.33781;
-15.702681;
-6.593747;
-13.580842;
-17.560501;
-12.093336;
-14.808486;
-11.562521;
-12.29292;
-2.5324922;
-10.201843;
-15.972687;
-10.350578;
-14.768874;
-10.009113;
-7.2113523;
-15.785673;
-14.409085;
-15.157595;
-13.175116;
-10.667936;
-9.1571;
-15.782068;
-18.544867;
-5.006532;
-14.471341;
-15.134396;
-16.357412;
-5.839119;
-4.321804;
-13.372139;
-9.32422;
-3.7599735;
-8.298621;
-9.822991;
-2.4562244;
-5.2792335;
-17.270689;
-5.9476585;
-10.649067;
-9.881173;
-10.59059;
-7.996375;
-16.618082;
-15.055296;
-7.8971376;
-4.090579;
2.2843654;
-8.087501;
-13.23992;
-10.143911;
-12.583044;
-12.785491;
-11.486102;
5.815873;
-15.422402;
-17.54527;
-11.167828;
-12.804399;
-17.628485;
-15.678501;
-16.245054;
-15.984411;
-7.4600677;
-10.515091;
-12.663417;
-16.596966;
-17.245068;
-14.722394;
-13.047359;
-14.255723;
-14.163596;
-15.008794;
-16.555511;
-13.66941;
-16.889254;
-15.114857;
-16.117817;
-15.957774;
-17.216366;
-7.3216853;
-12.661473;
-15.525163;
-12.530453;
-12.987811;
-10.4079;
-11.351102;
-2.2963169;
-11.302157;
-12.919987;
-11.473086;
-13.364402;
-10.590668;
-6.296236;
-14.817756;
-13.686331;
-15.596323;
-13.298777;
-9.638561;
-6.537621;
-18.412266;
-17.311724;
-7.5862856;
-14.564772;
-13.07905;
-16.278372;
-5.8343196;
-2.1089513;
-11.398945;
-7.4176836;
-5.377379;
-5.3636317;
-8.889358;
-2.1352139;
-4.48214;
-15.242879;
-5.9690533;
-7.1175776;
-9.304517;
-9.281193;
-7.357339;
-13.267941;
-15.236936;
-4.482171;
-5.50624;
7.0720377;
-8.860459;
-11.460987;
-11.473846;
-10.9146;
-10.445445;
-11.232273;
1.3533773;
-13.745962;
-16.051296;
-11.330219;
-12.362858;
-13.766927;
-13.113793;
-14.584911;
-16.379295;
-7.3782244;
-7.9039364;
-11.613879;
-16.996216;
-15.321344;
-12.24002;
-12.599478;
-12.817041;
-14.842867;
-14.165539;
-14.230489;
-11.858359;
-15.714058;
-15.237814;
-14.15965;
-13.2178335;
-15.46337;
-9.903183;
-11.154249;
-14.415275;
-11.139324;
-11.822044;
-9.519705;
-11.133761;
-4.834652;
-12.01558;
-9.660071;
-10.104264;
-12.409859;
-10.789631;
-7.771845;
-13.79617;
-10.958154;
-14.967323;
-11.0732155;
-9.637337;
-6.803543;
-17.200333;
-13.682217;
-9.477101;
-14.708995;
-11.455326;
-16.506105;
-9.5084;
-3.015005;
-13.488712;
-6.3158183;
-5.9511514;
-4.8676667;
-8.802992;
-4.0757694;
-3.537034;
-13.933181;
-4.8347297;
-6.0625706;
-10.16719;
-10.189581;
-6.3782005;
-12.649899;
-14.536117;
-3.7054791;
-8.738392;
4.414673;
-9.780059;
-10.682007;
-13.876541;
-11.997387;
-9.231565;
-10.607185;
3.538652;
-20.792355;
-20.86343;
-14.258053;
-16.561245;
-13.878151;
-21.066156;
-18.883879;
-20.744114;
-10.248725;
-10.146587;
-11.866978;
-21.873388;
-22.038809;
-19.473736;
-21.050692;
-19.2226;
-19.937126;
-20.965527;
-22.825539;
-19.001942;
-22.030956;
-21.664125;
-19.969624;
-17.105291;
-20.286333;
-16.960394;
-18.139515;
-17.746986;
-16.840355;
-16.131845;
-16.124357;
-20.471514;
-13.153681;
-15.182249;
-14.137476;
-18.343048;
-16.809092;
-17.579752;
-15.641515;
-21.58081;
-15.574439;
-19.397009;
-16.529251;
-12.259287;
-13.0303335;
-21.699701;
-20.302513;
-14.450119;
-20.452023;
-15.182423;
-20.115692;
-13.390993;
-7.2964168;
-13.051071;
-7.9647985;
-8.630269;
-7.558962;
-10.546865;
-10.156126;
-4.7358074;
-15.88466;
-9.573107;
-5.2392845;
-12.469773;
-11.167316;
-9.376167;
-15.824141;
-20.665222;
-7.4852595;
-9.216835;
-2.9793532;
-12.676615;
-15.733181;
-17.726065;
-18.964067;
-12.047823;
-16.447561;
7.5548143;
-14.393618;
-9.015771;
-5.83163;
-9.232858;
-9.8937435;
-8.293295;
-9.795181;
-12.481459;
-8.8277235;
-9.822887;
-9.943361;
-13.8877735;
-14.25549;
-10.796652;
-11.435471;
-10.691116;
-10.583412;
-12.955172;
-12.331156;
-11.475063;
-12.294287;
-13.483913;
-12.098081;
-9.959147;
-11.066534;
-10.418149;
-6.903438;
-8.631138;
-7.5867596;
-5.7075405;
-9.634691;
-9.95984;
-8.691183;
-9.09579;
-8.681168;
-6.512451;
-3.34197;
-10.400336;
-8.282636;
-9.364469;
-6.369707;
-12.255733;
-7.3016205;
-7.6175275;
-7.304283;
-10.408591;
-8.208051;
-7.112839;
-12.780642;
-7.95597;
-13.122198;
-9.026458;
-3.2528696;
-8.076142;
0.29989934;
-4.394058;
-3.5718806;
-6.4963117;
-4.639915;
-5.065938;
-8.545644;
-1.7614571;
4.547783;
-6.3139505;
-7.9723325;
-8.359343;
-12.461064;
-12.298125;
-7.908026;
-7.430444;
-1.1729777;
-7.019785;
-9.222512;
-12.457027;
-13.144867;
-6.494054;
-9.7206135;
-0.05502677;
-18.777287;
-12.535949;
-8.64998;
-14.849552;
-14.494946;
-10.424767;
-13.836572;
-16.119444;
-12.661276;
-12.614092;
-10.427267;
-16.908047;
-14.710012;
-16.07614;
-15.009403;
-15.989491;
-12.982315;
-18.171938;
-16.795055;
-17.590559;
-15.6701355;
-18.802376;
-16.790024;
-15.047666;
-13.839863;
-13.869606;
-12.824169;
-9.582647;
-13.316092;
-10.701872;
-13.019143;
-12.453369;
-12.238424;
-11.242181;
-12.249754;
-9.612619;
-8.149487;
-15.55508;
-14.274958;
-13.248291;
-11.975;
-15.278097;
-11.30488;
-10.579878;
-11.361212;
-13.272765;
-14.73092;
-12.059403;
-15.241886;
-12.197779;
-15.299088;
-9.415333;
-7.1441693;
-9.858713;
-4.5093536;
-2.6099207;
-7.725641;
-10.553509;
-6.0788703;
-4.170209;
-11.526011;
-4.1461363;
-0.90786445;
-11.53039;
-11.950398;
-11.616013;
-18.509754;
-17.958456;
-10.264404;
-10.042086;
-4.993338;
-10.259105;
-12.795667;
-13.82634;
-13.012882;
-11.501959;
-14.963745;
9.251137;
-14.781126;
-11.748289;
-8.132413;
-12.087944;
-12.608582;
-10.274073;
-13.721836;
-13.729897;
-11.645334;
-9.782807;
-12.328421;
-14.444306;
-12.497877;
-15.027683;
-12.837809;
-15.053311;
-12.463197;
-16.363548;
-14.282812;
-15.593229;
-14.890564;
-16.931553;
-15.962355;
-15.060832;
-12.214796;
-10.812677;
-10.068575;
-10.791527;
-14.0786085;
-3.44299;
-10.321945;
-8.163791;
-13.338741;
-10.693939;
-10.421732;
-12.403694;
-10.473623;
-13.483557;
-14.17253;
-13.600708;
-10.16523;
-12.668364;
-10.006708;
-11.473707;
-11.076355;
-13.72739;
-16.25191;
-11.349974;
-12.575812;
-10.8455515;
-13.261546;
-4.765387;
-8.868591;
-8.802227;
-8.624472;
6.596941;
-4.786649;
-8.966455;
-6.2767253;
-5.758933;
-12.982441;
-4.798359;
-2.7705078;
-8.08736;
-8.376152;
-8.188601;
-10.837347;
-14.334693;
-8.506078;
-7.312391;
-3.84254;
-8.327581;
-9.728165;
-9.135784;
-7.500948;
-8.292602;
-11.629284;
5.0022907;
-10.8386755;
-10.407559;
-9.000065;
-10.252688;
-11.728731;
-9.682862;
-13.978328;
-12.232101;
-9.837623;
-7.2717233;
-11.548525;
-12.13591;
-10.983858;
-13.299759;
-10.117101;
-13.039886;
-9.890735;
-14.169453;
-11.602132;
-12.603732;
-10.912663;
-14.322102;
-16.538527;
-15.8498745;
-11.11997;
-8.36534;
-7.5182114;
-9.211833;
-12.170523;
-2.5635602;
-8.645252;
-6.4877787;
-10.905673;
-10.133946;
-11.99489;
-11.307218;
-9.052133;
-8.810499;
-10.048361;
-10.092425;
-7.019897;
-11.186503;
-7.347309;
-11.723171;
-10.425409;
-10.051791;
-12.378554;
-8.401372;
-10.624552;
-6.9796267;
-11.333136;
-2.7217698;
-10.060891;
-5.894607;
-6.5172186;
9.548794;
-5.3948956;
-7.813209;
-6.8782005;
-6.6417274;
-13.319242;
-6.4250336;
-3.8231685;
-4.071535;
-3.3379674;
-6.917568;
-7.866488;
-12.17141;
-5.8364987;
-5.889201;
-4.9864473;
-6.4531193;
-9.473896;
-7.4164906;
-6.675164;
-6.541656;
-9.63254;
2.1557047;
-15.5002165;
-14.375847;
-12.152646;
-15.688301;
-16.457884;
-12.723296;
-17.3424;
-15.179701;
-9.662321;
-8.572231;
-10.456781;
-15.269433;
-15.261941;
-15.552006;
-9.711562;
-14.191462;
-12.415419;
-17.648386;
-14.97741;
-16.417686;
-12.766216;
-15.099936;
-19.348877;
-20.63139;
-14.145467;
-10.029484;
-9.413759;
-8.692596;
-13.83848;
-5.320234;
-13.387882;
-8.456385;
-13.264855;
-14.50532;
-15.020115;
-12.750762;
-9.8177805;
-10.3433895;
-9.7356615;
-12.401122;
-10.754935;
-13.310395;
-10.802596;
-12.437793;
-14.932209;
-13.434416;
-14.752291;
-8.295467;
-13.460776;
-9.621371;
-14.186381;
-4.6649694;
-10.572241;
-5.621018;
-5.343828;
6.730289;
-8.759597;
-8.393292;
-9.45709;
-4.9902725;
-15.202313;
-11.122248;
-5.6893153;
-6.567187;
-4.0650845;
-9.470715;
-12.547382;
-13.81414;
-3.172901;
-5.313708;
-7.005369;
-9.30065;
-10.35872;
-9.865669;
-10.834694;
-8.987522;
-12.115871;
9.044029;
-13.281115;
-11.348171;
-8.385032;
-11.020863;
-11.961274;
-9.426595;
-12.153842;
-12.285582;
-7.8524485;
-7.3523498;
-6.7368307;
-13.022322;
-12.845785;
-10.664534;
-7.3770914;
-10.487749;
-9.511328;
-13.309827;
-10.844461;
-12.5597515;
-10.206272;
-10.472756;
-16.237024;
-14.815049;
-10.92301;
-6.298003;
-6.4249945;
-4.6602373;
-9.0224085;
-2.8311567;
-8.958905;
-4.5752983;
-10.240618;
-10.169132;
-11.058273;
-9.092494;
-5.5796995;
-8.461516;
-7.123606;
-8.413071;
-8.5232525;
-10.696177;
-8.370519;
-7.1888227;
-11.18806;
-9.618922;
-10.726642;
-4.533191;
-10.790525;
-7.360008;
-11.721342;
-3.7300038;
-6.789835;
-2.909052;
-4.925989;
2.9194565;
-5.8879213;
-6.4768248;
-6.954315;
-2.8021212;
-12.055528;
-10.362948;
-3.8821547;
-5.309303;
-1.5385557;
-7.351282;
-10.905594;
-10.6804;
-0.09783816;
-2.8141618;
-5.3609953;
-9.443854;
-7.134712;
-8.024869;
-8.756601;
-8.246508;
-10.486408;
9.123407;
-11.626245;
-11.542605;
-9.4653;
-10.590394;
-8.569225;
-9.752104;
-11.140941;
-10.473826;
-7.1483407;
-7.9525657;
-7.847578;
-11.406544;
-11.843244;
-9.78041;
-9.013787;
-10.921335;
-9.825216;
-12.583927;
-10.044344;
-11.417408;
-11.289105;
-10.345162;
-16.483076;
-12.0974655;
-10.898755;
-6.4463043;
-7.791035;
-4.179241;
-8.367335;
-4.8391776;
-9.017844;
-6.6173944;
-9.281522;
-9.370362;
-11.450427;
-9.184599;
-6.7218204;
-8.582523;
-7.233202;
-7.9680777;
-9.194923;
-9.377302;
-8.974927;
-7.02031;
-9.847142;
-8.740536;
-9.063724;
-3.988087;
-9.485706;
-7.695958;
-10.728356;
-3.0331576;
-6.1793776;
-1.8147447;
-5.1719203;
-1.0544237;
-5.5761366;
-8.06625;
-6.378191;
-3.9088774;
-13.881145;
-11.035147;
-3.9174285;
-4.624885;
0.6201577;
-6.3743563;
-10.574476;
-11.026985;
1.9212325;
-1.7006222;
-4.2663517;
-9.653936;
-5.5266385;
-7.7908506;
-9.494269;
-10.923266;
-11.348094;
8.848139;
-11.417969;
-12.379725;
-9.991635;
-10.490205;
-9.542131;
-9.39841;
-11.197281;
-10.091375;
-6.9874706;
-8.5701065;
-9.3651085;
-11.045506;
-12.130178;
-9.740974;
-9.368665;
-11.404447;
-9.975395;
-14.024375;
-10.2755785;
-11.799087;
-12.499682;
-10.742603;
-16.802841;
-12.732697;
-10.995178;
-6.639722;
-8.426426;
-4.6077185;
-7.9985666;
-6.213699;
-9.446038;
-7.716543;
-8.136644;
-8.522175;
-11.721478;
-9.348719;
-6.83032;
-8.430185;
-7.077031;
-8.45825;
-9.501754;
-9.489931;
-9.2288265;
-7.623314;
-8.917221;
-8.092345;
-7.7757154;
-3.3925776;
-9.265698;
-8.309652;
-10.189174;
-2.3988986;
-5.6344314;
-1.7871137;
-4.528993;
-2.3209078;
-5.7234106;
-9.155447;
-5.5073385;
-5.678292;
-16.314865;
-10.2005005;
-4.007055;
-3.8155015;
2.269186;
-6.8534393;
-11.951495;
-11.675312;
1.454715;
-0.81404126;
-3.5895927;
-8.777874;
-5.204095;
-6.6317983;
-9.75406;
-12.4446745;
-11.938293;
7.7329535;
-12.096401;
-13.215656;
-10.270252;
-10.905724;
-10.6020565;
-9.637855;
-11.181606;
-10.305652;
-6.7910376;
-8.561309;
-9.528776;
-11.477241;
-12.606023;
-10.30767;
-9.795949;
-11.703545;
-10.557465;
-15.127611;
-11.25122;
-12.293371;
-13.400072;
-11.382883;
-16.648785;
-13.094301;
-11.0631;
-6.858147;
-8.787303;
-5.1454277;
-8.148249;
-7.060522;
-9.6617;
-8.376812;
-7.791427;
-8.116413;
-11.790365;
-10.107779;
-7.7781796;
-7.87739;
-6.650398;
-8.656083;
-9.643373;
-9.997681;
-9.403893;
-7.80986;
-8.37482;
-7.8476872;
-8.032292;
-3.4938698;
-9.584249;
-9.289393;
-10.265396;
-1.7819808;
-5.2117915;
-1.8988482;
-4.3549514;
-2.74007;
-5.7041163;
-9.511671;
-5.0935063;
-6.102222;
-17.04231;
-9.415377;
-4.4716473;
-2.6388264;
3.2182934;
-7.2123413;
-12.658846;
-11.917712;
-0.1904555;
-0.073451996;
-3.3838983;
-7.898529;
-5.0197096;
-5.7301273;
-9.638399;
-13.089198;
-11.569548;
7.5404816;
-12.559893;
-14.121291;
-10.777162;
-11.33951;
-11.373374;
-10.2186;
-11.646111;
-10.540381;
-6.9587374;
-9.266982;
-10.176575;
-12.300977;
-12.818551;
-10.757992;
-10.304222;
-12.5764;
-10.651215;
-15.440296;
-12.297771;
-12.795504;
-14.012584;
-11.784818;
-16.990894;
-14.030955;
-11.362521;
-7.308347;
-9.758753;
-6.111176;
-8.423872;
-7.831237;
-10.264496;
-9.050796;
-7.876784;
-8.655;
-12.311455;
-10.62487;
-9.023708;
-8.40782;
-6.5083284;
-8.919897;
-9.900954;
-10.60283;
-9.704265;
-7.465678;
-8.730902;
-7.649349;
-8.757023;
-4.261841;
-10.343458;
-10.279069;
-10.766024;
-1.4951297;
-5.7418823;
-2.0850346;
-3.4776943;
-2.2330706;
-5.8156;
-10.181409;
-5.004256;
-6.187356;
-17.288181;
-8.645899;
-5.3694925;
-2.4919047;
2.4127257;
-7.241438;
-13.475494;
-12.1922245;
-2.3694038;
-0.0700438;
-3.577269;
-7.9088826;
-5.960723;
-5.3555584;
-10.375594;
-13.323027;
-11.275775;
9.254765;
-12.316109;
-14.541835;
-10.69691;
-11.582163;
-11.192498;
-10.978855;
-11.7577;
-10.5576105;
-7.109333;
-9.516512;
-10.508129;
-12.219802;
-13.045678;
-10.914507;
-10.973556;
-13.550256;
-10.173829;
-15.748854;
-12.848809;
-13.059394;
-14.524581;
-11.961433;
-17.070833;
-14.467657;
-11.69775;
-7.0954933;
-10.588041;
-6.3277082;
-8.830106;
-8.448455;
-10.657875;
-9.209087;
-7.955382;
-9.379762;
-12.540447;
-11.402601;
-9.494535;
-8.628262;
-6.4548965;
-8.79437;
-10.337537;
-10.637336;
-10.050486;
-7.1630898;
-8.884612;
-7.5028706;
-8.900582;
-4.3076015;
-10.401975;
-10.74802;
-10.670771;
-1.5208727;
-6.1278906;
-2.0856774;
-2.6886783;
-1.9443598;
-5.744857;
-10.459713;
-5.49069;
-5.9181376;
-16.876598;
-8.084798;
-5.594677;
-2.262403;
1.5794955;
-6.9571037;
-13.607414;
-12.018271;
-2.9132242;
0.27982855;
-3.512455;
-7.644179;
-5.9970627;
-5.1471543;
-10.383468;
-12.986298;
-11.167008;
9.746669;
-12.321375;
-14.576814;
-10.783624;
-12.038155;
-10.822685;
-11.728432;
-11.546087;
-10.500927;
-7.398638;
-9.797915;
-10.286892;
-11.964319;
-12.957796;
-10.906322;
-11.501634;
-13.965615;
-9.792839;
-15.74022;
-13.074593;
-12.833351;
-14.908216;
-11.901949;
-17.257149;
-14.353833;
-12.048172;
-6.7414365;
-11.33572;
-6.3532643;
-9.273027;
-8.907408;
-10.980783;
-9.250356;
-8.35379;
-9.760213;
-12.658795;
-11.688907;
-9.700509;
-8.533533;
-6.72388;
-8.56551;
-10.697057;
-10.476456;
-10.338787;
-7.085934;
-9.030067;
-7.347842;
-8.76983;
-4.2447376;
-10.259907;
-10.694943;
-10.4789715;
-1.7720631;
-6.0740347;
-2.239981;
-2.4471793;
-1.5929177;
-6.0785728;
-10.855337;
-5.5165052;
-5.563897;
-15.711755;
-7.568383;
-5.4337153;
-2.3443973;
0.61899066;
-6.4935474;
-13.634321;
-12.210011;
-3.0991814;
-0.050192595;
-3.6763306;
-7.1696157;
-5.8728113;
-4.708299;
-9.724457;
-12.476756;
-10.74207;
9.938856;
-12.318702;
-14.182028;
-10.992208;
-12.49323;
-10.20968;
-12.347627;
-11.171914;
-10.364203;
-7.544456;
-10.027863;
-9.683632;
-11.707205;
-12.785921;
-10.793029;
-11.870617;
-14.255903;
-9.482867;
-15.580797;
-13.235698;
-12.693462;
-15.287853;
-11.70628;
-17.196596;
-13.816734;
-12.432585;
-6.368824;
-11.905204;
-6.305253;
-9.808871;
-9.333752;
-11.347912;
-9.252875;
-8.772676;
-9.954834;
-12.507942;
-11.657563;
-9.953516;
-8.413055;
-6.988024;
-8.175023;
-10.968921;
-10.093129;
-10.601311;
-7.0313935;
-9.326835;
-7.290106;
-8.674663;
-4.3002687;
-10.140602;
-10.387908;
-10.151011;
-2.1450262;
-5.945762;
-2.428916;
-2.2271802;
-1.3584557;
-6.281537;
-11.1981735;
-5.384564;
-5.293404;
-14.392486;
-7.057468;
-5.04024;
-2.8854856;
-0.2711467;
-5.984174;
-13.447962;
-12.448623;
-2.9889326;
-0.7757336;
-4.1525264;
-6.8377132;
-5.744162;
-4.3249316;
-8.904991;
-11.898403;
-10.171905;
10.431667;
-12.421673;
-14.064818;
-11.407982;
-12.979717;
-9.983671;
-13.227547;
-11.052927;
-10.486786;
-7.6034656;
-10.187594;
-9.1535015;
-11.742926;
-12.677936;
-10.883569;
-12.319856;
-14.683918;
-9.569852;
-15.631644;
-13.586482;
-12.7653885;
-15.733171;
-11.664959;
-17.231089;
-13.61871;
-13.023819;
-6.1846943;
-12.361977;
-6.416541;
-10.454603;
-9.692707;
-11.864924;
-9.501196;
-9.256688;
-10.200113;
-12.416081;
-11.634029;
-10.381558;
-8.43402;
-7.1983056;
-8.044952;
-11.279622;
-10.038458;
-10.865377;
-7.0926733;
-9.758727;
-7.435382;
-8.856847;
-4.5004354;
-10.269501;
-10.089221;
-10.067454;
-2.5068173;
-5.978105;
-2.8130245;
-2.0352478;
-1.17396;
-6.3925166;
-11.581129;
-5.337515;
-5.15693;
-13.613573;
-6.8234005;
-4.6733284;
-3.4520617;
-0.97157836;
-5.79762;
-13.162451;
-12.887131;
-2.8145363;
-1.5124006;
-4.742574;
-6.656845;
-5.6547966;
-4.248871;
-8.349026;
-11.476086;
-9.772558;
10.783886;
-12.531358;
-14.233678;
-11.865725;
-13.350233;
-10.169801;
-14.200547;
-11.108334;
-10.804173;
-7.5432034;
-10.29891;
-8.797459;
-12.041646;
-12.703204;
-11.028724;
-12.760312;
-15.153427;
-9.900293;
-15.847294;
-14.019312;
-12.924332;
-16.16254;
-11.744961;
-17.169987;
-13.649791;
-13.612954;
-6.2419057;
-12.684162;
-6.6480637;
-11.107246;
-9.938974;
-12.240037;
-9.887721;
-9.723834;
-10.51478;
-12.369357;
-11.54823;
-10.778794;
-8.500624;
-7.1711397;
-8.199146;
-11.5610485;
-10.376965;
-11.049134;
-7.2388206;
-10.168776;
-7.6215763;
-9.174914;
-4.646753;
-10.587181;
-9.813232;
-10.308723;
-2.8184664;
-6.109276;
-3.237908;
-1.8307576;
-1.0437578;
-6.5378866;
-12.030207;
-5.5114;
-5.2525215;
-13.411293;
-6.8689046;
-4.4806576;
-3.8923814;
-1.5011766;
-5.9392776;
-12.963152;
-13.321381;
-2.6084502;
-2.006051;
-5.2755327;
-6.632797;
-5.672051;
-4.4486184;
-8.134287;
-11.280573;
-9.686341;
11.190256;
-12.299592;
-14.046179;
-12.004513;
-13.112345;
-10.035236;
-14.652811;
-10.695716;
-10.844445;
-7.163503;
-10.070353;
-8.32546;
-12.107401;
-12.500506;
-10.732506;
-12.727724;
-15.153108;
-9.865832;
-15.662084;
-14.039752;
-12.753328;
-16.202583;
-11.501075;
-16.430162;
-13.139923;
-13.604823;
-6.2021403;
-12.5719595;
-6.621249;
-11.329975;
-9.87147;
-12.084843;
-9.884621;
-9.872212;
-10.526754;
-11.994032;
-11.137591;
-10.717772;
-8.370217;
-6.7284055;
-8.216548;
-11.491319;
-10.535058;
-10.91881;
-7.122756;
-10.230886;
-7.502444;
-9.14227;
-4.4293594;
-10.617197;
-9.205312;
-10.399993;
-2.9538622;
-6.12648;
-3.3002224;
-1.5243702;
-0.90206695;
-6.479495;
-12.20859;
-5.7414494;
-5.458251;
-13.015736;
-6.71339;
-4.3199005;
-4.132763;
-1.8074366;
-6.157779;
-12.593252;
-13.164549;
-2.2658823;
-2.1438873;
-5.657874;
-6.663664;
-5.5143585;
-4.4367046;
-7.833086;
-11.03562;
-9.419403;
11.826569;
-13.023537;
-15.022681;
-13.577917;
-14.085413;
-10.8989935;
-16.948048;
-11.730509;
-11.793472;
-7.4679394;
-11.016403;
-8.577213;
-12.984465;
-13.531582;
-11.816322;
-14.311041;
-16.482414;
-11.178176;
-16.53978;
-15.665016;
-14.23713;
-17.616772;
-12.412605;
-16.965328;
-13.974472;
-14.597129;
-7.302935;
-14.249671;
-8.408699;
-13.111096;
-11.338632;
-13.698533;
-10.86517;
-11.356154;
-12.029277;
-13.191745;
-12.404583;
-11.8140545;
-9.503747;
-7.2877455;
-10.535941;
-13.089372;
-11.692507;
-12.030068;
-8.159576;
-11.977546;
-8.966537;
-10.677291;
-5.479547;
-11.509231;
-9.729668;
-11.376453;
-3.3460565;
-6.966967;
-3.7127483;
-1.7086287;
-1.1032678;
-6.772677;
-12.0096245;
-6.277423;
-6.1657953;
-13.017403;
-7.2622466;
-4.8710527;
-4.982611;
-2.3258662;
-6.8841515;
-12.445392;
-13.699402;
-2.2386909;
-2.1875951;
-6.4118104;
-7.1620355;
-5.902644;
-4.8212004;
-8.055561;
-10.584113;
-10.071651;
12.80335;
-12.879648;
-14.948172;
-14.086006;
-14.242217;
-11.339585;
-18.148949;
-12.404976;
-12.124938;
-7.710138;
-11.766352;
-8.245123;
-13.027138;
-13.696575;
-12.27406;
-15.2488785;
-16.800602;
-11.711994;
-16.047256;
-16.307058;
-15.417577;
-17.409178;
-12.621429;
-16.134775;
-14.86838;
-14.264083;
-7.6753407;
-14.625259;
-10.492322;
-14.006513;
-11.931873;
-15.266611;
-10.774958;
-11.421329;
-12.463624;
-13.372731;
-12.528988;
-11.84184;
-9.931932;
-6.566241;
-12.056601;
-14.210178;
-12.312523;
-12.247168;
-9.095307;
-13.302928;
-9.275912;
-11.511211;
-5.8481746;
-11.681765;
-9.899549;
-11.817509;
-3.7495494;
-6.7845736;
-4.210516;
-1.0662372;
-0.9387021;
-6.6201324;
-8.507952;
-5.5719085;
-6.156965;
-11.689499;
-6.8160706;
-5.263788;
-5.3901796;
-2.8047009;
-6.8999557;
-11.281971;
-12.516275;
-2.1766398;
-1.425404;
-6.9359045;
-7.087741;
-5.496046;
-4.8784547;
-7.162552;
-6.880679;
-10.397745;
12.791749;
-6.69048;
-5.1359115;
-5.160901;
-5.156108;
-2.6527684;
-7.4130325;
-3.3708775;
-7.057129;
-3.4584086;
-5.302436;
-3.8265374;
-8.276546;
-6.9147806;
-4.362984;
-7.4397287;
-7.3153334;
-5.2211876;
-6.223298;
-7.438902;
-6.160804;
-6.7027683;
-5.634441;
-4.6621656;
-4.6729946;
-6.049853;
-2.759871;
-4.793923;
-6.159256;
-5.898468;
-4.5984373;
-6.3710957;
-3.1211958;
-4.162103;
-2.75724;
-3.484779;
-5.6189013;
-4.175385;
-5.444928;
-3.023769;
-4.9403067;
-5.0921683;
-7.29502;
-5.64157;
-3.095197;
-5.580325;
-4.5483193;
-4.9276657;
-3.0426152;
-6.893568;
-2.6840067;
-7.3381863;
-3.613053;
-3.3263419;
-3.2442086;
2.3550193;
0.30157328;
-1.2886745;
-2.0645437;
-1.6341264;
-5.338586;
-3.9988847;
-1.3170372;
-2.395229;
-2.8484612;
-2.7724428;
-4.284919;
-4.619247;
-3.0577495;
-1.8774123;
2.1102118;
-4.6060195;
-5.994058;
-2.6460423;
-3.371623;
-1.2951825;
1.097137;
-3.0671291;
11.472101;
